,acc,loss,val_acc,val_loss
0,0.09996,14.499750097,0.0999759769379,14.5066728787
1,0.1,14.50628569,0.0998678308235,14.5084160001
