,acc,loss,val_acc,val_loss
0,0.30186,1.85566107437,0.430293081358,1.55016791935
1,0.49128,1.40045141502,0.499319128484,1.3353195878
