,acc,loss,val_acc,val_loss
0,0.257,1.94815106598,0.338464926329,1.93408023433
1,0.45882,1.47460039703,0.485901954502,1.43700174058
