,acc,loss,val_acc,val_loss
0,0.3069,1.84782555191,0.466007367072,1.47308340778
1,0.49792,1.39161593456,0.519685197052,1.33509168561
