,acc,loss,val_acc,val_loss
0,0.35246,1.73162557076,0.510450032031,1.34802139527
1,0.55876,1.22471245506,0.625540692086,1.03098243328
