,acc,loss,val_acc,val_loss
0,0.27836,1.88871661957,0.39798206278,1.60561867958
1,0.41952,1.56376677059,0.480915571932,1.43564944495
