,acc,loss,val_acc,val_loss
0,0.53424,1.29248054745,0.418882126842,2.01073647492
1,0.68252,0.902218830452,0.651834347965,1.04645832834
