,acc,loss,val_acc,val_loss
0,0.222,2.02970523037,0.294562780269,1.82178881816
1,0.36326,1.68681430729,0.409544216597,1.61497437182
