,acc,loss,val_acc,val_loss
0,0.35284,1.73321075493,0.5516495836,1.2608294668
1,0.5718,1.2045022998,0.621255206665,1.04998516045
