,acc,loss,val_acc,val_loss
0,0.22954,2.64966877235,0.264153587444,2.70294204727
1,0.3198,2.30918176254,0.371715796219,2.08070703662
