,acc,loss,val_acc,val_loss
0,0.29602,1.86399547401,0.429432254965,1.54056016189
1,0.4696,1.44827408443,0.555591156681,1.2491751025
